{
  "line1": {
    "start": [5, 5, 10],
    "end": [5, 5, 0]
  },

  "line2": {
    "start": [10, -10, 10],
    "end": [-20, -20, -20]
  },

  "line3": {
    "start": [14.5, -0.5, 81.25],
    "end": [14.52937373, 0.35183826, 83.34409836]
  }
}
